{
	"numTabs": 27,
	"ultimatumLayout": {
		"0": {
			"x": 173.42799188640976,
			"y": 93.10344827586208,
			"w": 1,
			"h": 1,
			"scale": 0.9230769276618958
		},
		"1": {
			"x": 233.06288032454364,
			"y": 93.10344827586208,
			"w": 1,
			"h": 1,
			"scale": 0.9230769276618958
		},
		"2": {
			"x": 292.6977687626775,
			"y": 93.10344827586208,
			"w": 1,
			"h": 1,
			"scale": 0.9230769276618958
		},
		"3": {
			"x": 123.5294117647059,
			"y": 158.82352941176472,
			"w": 1,
			"h": 1,
			"scale": 0.9230769276618958
		},
		"4": {
			"x": 183.77281947261665,
			"y": 158.82352941176472,
			"w": 1,
			"h": 1,
			"scale": 0.9230769276618958
		},
		"5": {
			"x": 342.59634888438137,
			"y": 158.82352941176472,
			"w": 1,
			"h": 1,
			"scale": 0.9230769276618958
		},
		"6": {
			"x": 401.0141987829615,
			"y": 158.82352941176472,
			"w": 1,
			"h": 1,
			"scale": 0.9230769276618958
		},
		"7": {
			"x": 245.23326572008116,
			"y": 154.56389452332658,
			"w": 2,
			"h": 4,
			"scale": 0.8205128312110901
		},
		"9,0": {
			"x": 34.07707910750507,
			"y": 334.68559837728196,
			"w": 1,
			"h": 1,
			"scale": 0.692307710647583
		},
		"10,0": {
			"x": 76.67342799188641,
			"y": 334.68559837728196,
			"w": 1,
			"h": 1,
			"scale": 0.692307710647583
		},
		"11,0": {
			"x": 119.26977687626776,
			"y": 334.68559837728196,
			"w": 1,
			"h": 1,
			"scale": 0.692307710647583
		},
		"12,0": {
			"x": 161.8661257606491,
			"y": 334.68559837728196,
			"w": 1,
			"h": 1,
			"scale": 0.692307710647583
		},
		"13,0": {
			"x": 204.46247464503045,
			"y": 334.68559837728196,
			"w": 1,
			"h": 1,
			"scale": 0.692307710647583
		},
		"14,0": {
			"x": 247.0588235294118,
			"y": 334.68559837728196,
			"w": 1,
			"h": 1,
			"scale": 0.692307710647583
		},
		"15,0": {
			"x": 289.65517241379314,
			"y": 334.68559837728196,
			"w": 1,
			"h": 1,
			"scale": 0.692307710647583
		},
		"16,0": {
			"x": 332.25152129817445,
			"y": 334.68559837728196,
			"w": 1,
			"h": 1,
			"scale": 0.692307710647583
		},
		"17,0": {
			"x": 374.8478701825558,
			"y": 334.68559837728196,
			"w": 1,
			"h": 1,
			"scale": 0.692307710647583
		},
		"18,0": {
			"x": 417.44421906693714,
			"y": 334.68559837728196,
			"w": 1,
			"h": 1,
			"scale": 0.692307710647583
		},
		"19,0": {
			"x": 460.0405679513185,
			"y": 334.68559837728196,
			"w": 1,
			"h": 1,
			"scale": 0.692307710647583
		},
		"20,0": {
			"x": 502.6369168356998,
			"y": 334.68559837728196,
			"w": 1,
			"h": 1,
			"scale": 0.692307710647583
		},
		"9,1": {
			"x": 34.07707910750507,
			"y": 377.28194726166333,
			"w": 1,
			"h": 1,
			"scale": 0.692307710647583
		},
		"10,1": {
			"x": 76.67342799188641,
			"y": 377.28194726166333,
			"w": 1,
			"h": 1,
			"scale": 0.692307710647583
		},
		"11,1": {
			"x": 119.26977687626776,
			"y": 377.28194726166333,
			"w": 1,
			"h": 1,
			"scale": 0.692307710647583
		},
		"12,1": {
			"x": 161.8661257606491,
			"y": 377.28194726166333,
			"w": 1,
			"h": 1,
			"scale": 0.692307710647583
		},
		"13,1": {
			"x": 204.46247464503045,
			"y": 377.28194726166333,
			"w": 1,
			"h": 1,
			"scale": 0.692307710647583
		},
		"14,1": {
			"x": 247.0588235294118,
			"y": 377.28194726166333,
			"w": 1,
			"h": 1,
			"scale": 0.692307710647583
		},
		"15,1": {
			"x": 289.65517241379314,
			"y": 377.28194726166333,
			"w": 1,
			"h": 1,
			"scale": 0.692307710647583
		},
		"16,1": {
			"x": 332.25152129817445,
			"y": 377.28194726166333,
			"w": 1,
			"h": 1,
			"scale": 0.692307710647583
		},
		"17,1": {
			"x": 374.8478701825558,
			"y": 377.28194726166333,
			"w": 1,
			"h": 1,
			"scale": 0.692307710647583
		},
		"18,1": {
			"x": 417.44421906693714,
			"y": 377.28194726166333,
			"w": 1,
			"h": 1,
			"scale": 0.692307710647583
		},
		"19,1": {
			"x": 460.0405679513185,
			"y": 377.28194726166333,
			"w": 1,
			"h": 1,
			"scale": 0.692307710647583
		},
		"20,1": {
			"x": 502.6369168356998,
			"y": 377.28194726166333,
			"w": 1,
			"h": 1,
			"scale": 0.692307710647583
		},
		"9,2": {
			"x": 34.07707910750507,
			"y": 419.87829614604465,
			"w": 1,
			"h": 1,
			"scale": 0.692307710647583
		},
		"10,2": {
			"x": 76.67342799188641,
			"y": 419.87829614604465,
			"w": 1,
			"h": 1,
			"scale": 0.692307710647583
		},
		"11,2": {
			"x": 119.26977687626776,
			"y": 419.87829614604465,
			"w": 1,
			"h": 1,
			"scale": 0.692307710647583
		},
		"12,2": {
			"x": 161.8661257606491,
			"y": 419.87829614604465,
			"w": 1,
			"h": 1,
			"scale": 0.692307710647583
		},
		"13,2": {
			"x": 204.46247464503045,
			"y": 419.87829614604465,
			"w": 1,
			"h": 1,
			"scale": 0.692307710647583
		},
		"14,2": {
			"x": 247.0588235294118,
			"y": 419.87829614604465,
			"w": 1,
			"h": 1,
			"scale": 0.692307710647583
		},
		"15,2": {
			"x": 289.65517241379314,
			"y": 419.87829614604465,
			"w": 1,
			"h": 1,
			"scale": 0.692307710647583
		},
		"16,2": {
			"x": 332.25152129817445,
			"y": 419.87829614604465,
			"w": 1,
			"h": 1,
			"scale": 0.692307710647583
		},
		"17,2": {
			"x": 374.8478701825558,
			"y": 419.87829614604465,
			"w": 1,
			"h": 1,
			"scale": 0.692307710647583
		},
		"18,2": {
			"x": 417.44421906693714,
			"y": 419.87829614604465,
			"w": 1,
			"h": 1,
			"scale": 0.692307710647583
		},
		"19,2": {
			"x": 460.0405679513185,
			"y": 419.87829614604465,
			"w": 1,
			"h": 1,
			"scale": 0.692307710647583
		},
		"20,2": {
			"x": 502.6369168356998,
			"y": 419.87829614604465,
			"w": 1,
			"h": 1,
			"scale": 0.692307710647583
		},
		"9,3": {
			"x": 34.07707910750507,
			"y": 462.474645030426,
			"w": 1,
			"h": 1,
			"scale": 0.692307710647583
		},
		"10,3": {
			"x": 76.67342799188641,
			"y": 462.474645030426,
			"w": 1,
			"h": 1,
			"scale": 0.692307710647583
		},
		"11,3": {
			"x": 119.26977687626776,
			"y": 462.474645030426,
			"w": 1,
			"h": 1,
			"scale": 0.692307710647583
		},
		"12,3": {
			"x": 161.8661257606491,
			"y": 462.474645030426,
			"w": 1,
			"h": 1,
			"scale": 0.692307710647583
		},
		"13,3": {
			"x": 204.46247464503045,
			"y": 462.474645030426,
			"w": 1,
			"h": 1,
			"scale": 0.692307710647583
		},
		"14,3": {
			"x": 247.0588235294118,
			"y": 462.474645030426,
			"w": 1,
			"h": 1,
			"scale": 0.692307710647583
		},
		"15,3": {
			"x": 289.65517241379314,
			"y": 462.474645030426,
			"w": 1,
			"h": 1,
			"scale": 0.692307710647583
		},
		"16,3": {
			"x": 332.25152129817445,
			"y": 462.474645030426,
			"w": 1,
			"h": 1,
			"scale": 0.692307710647583
		},
		"17,3": {
			"x": 374.8478701825558,
			"y": 462.474645030426,
			"w": 1,
			"h": 1,
			"scale": 0.692307710647583
		},
		"18,3": {
			"x": 417.44421906693714,
			"y": 462.474645030426,
			"w": 1,
			"h": 1,
			"scale": 0.692307710647583
		},
		"19,3": {
			"x": 460.0405679513185,
			"y": 462.474645030426,
			"w": 1,
			"h": 1,
			"scale": 0.692307710647583
		},
		"20,3": {
			"x": 502.6369168356998,
			"y": 462.474645030426,
			"w": 1,
			"h": 1,
			"scale": 0.692307710647583
		},
		"9,4": {
			"x": 34.07707910750507,
			"y": 505.07099391480733,
			"w": 1,
			"h": 1,
			"scale": 0.692307710647583
		},
		"10,4": {
			"x": 76.67342799188641,
			"y": 505.07099391480733,
			"w": 1,
			"h": 1,
			"scale": 0.692307710647583
		},
		"11,4": {
			"x": 119.26977687626776,
			"y": 505.07099391480733,
			"w": 1,
			"h": 1,
			"scale": 0.692307710647583
		},
		"12,4": {
			"x": 161.8661257606491,
			"y": 505.07099391480733,
			"w": 1,
			"h": 1,
			"scale": 0.692307710647583
		},
		"13,4": {
			"x": 204.46247464503045,
			"y": 505.07099391480733,
			"w": 1,
			"h": 1,
			"scale": 0.692307710647583
		},
		"14,4": {
			"x": 247.0588235294118,
			"y": 505.07099391480733,
			"w": 1,
			"h": 1,
			"scale": 0.692307710647583
		},
		"15,4": {
			"x": 289.65517241379314,
			"y": 505.07099391480733,
			"w": 1,
			"h": 1,
			"scale": 0.692307710647583
		},
		"16,4": {
			"x": 332.25152129817445,
			"y": 505.07099391480733,
			"w": 1,
			"h": 1,
			"scale": 0.692307710647583
		},
		"17,4": {
			"x": 374.8478701825558,